O 2 O	O to O
O2O	O to O
P 2 P	P to P
P2P	P to P
CD	C D
a.m.	AM
am.	AM
A M	AM
Am	AM
 am 	AM
p.m.	PM
pm.	PM
Pm	PM
 pm 	PM
atm 	ATM
A T M	ATM
Atm	ATM
ufo	UFO
Ufo	UFO
U F O	UFO
u f o	UFO
m v	MV
mv	MV
MV	MV
F I F A	fifa
f i f a	fifa
FIFA	fifa
nba	NBA
Nba	NBA
NBA	NBA
n b a	NBA
x L	XL
X L	XL
x x L	XXL
X X L	XXL
x x x L	XXXL
X X X L	XXXL
Q Q	QQ
qq	QQ
Qq	QQ
gpu	GPU
GPU	GPU
cpu	CPU
C P U	CPU
WIFI	wifi
ms	MS
ceo	CEO
c e o	CEO
C E O	CEO
dv	DV
d v	DV
D V	DV
wto	WTO
w t o 	WTO
W T O	WTO
pc	PC
p c	PC
P C	PC
gps	GPS
G P S	GPS
M.V.P	MVP
mvp	MVP
M V P	MVP
vip	VIP
V I P	VIP
cba	CBA
c b a	CBA
CBA	CBA
mba	MBA
m b a	MBA
M B A	MBA
iq	IQ
IQ	IQ
EQ	EQ
cctv	CCTV
C C t v	CCTV
kfc	KFC
K F C	KFC
Steam	steam
O 2 O	O to O
O2O	O to O
P 2 P	P to P
P2P	P to P
CD	C D
a.m.	AM
am.	AM
A M	AM
Am	AM
 am 	AM
p.m.	PM
pm.	PM
Pm	PM
 pm 	PM
atm 	ATM
A T M	ATM
Atm	ATM
ufo	UFO
Ufo	UFO
U F O	UFO
u f o	UFO
m v	MV
mv	MV
MV	MV
F I F A	fifa
f i f a	fifa
FIFA	fifa
nba	NBA
Nba	NBA
NBA	NBA
n b a	NBA
x L	XL
X L	XL
x x L	XXL
X X L	XXL
x x x L	XXXL
X X X L	XXXL
Q Q	QQ
qq	QQ
Qq	QQ
gpu	GPU
GPU	GPU
cpu	CPU
C P U	CPU
WIFI	wifi
ms	MS
ceo	CEO
c e o	CEO
C E O	CEO
dv	DV
d v	DV
D V	DV
wto	WTO
w t o 	WTO
W T O	WTO
pc	PC
p c	PC
P C	PC
gps	GPS
G P S	GPS
M.V.P	MVP
mvp	MVP
M V P	MVP
vip	VIP
V I P	VIP
cba	CBA
c b a	CBA
CBA	CBA
mba	MBA
m b a	MBA
M B A	MBA
iq	IQ
IQ	IQ
EQ	EQ
cctv	CCTV
C C t v	CCTV
kfc	KFC
K F C	KFC
COVID-19	COVID-19
MP3	MP3
MP4	MP4
iPhone	iPhone
iPad	iPad
USB	USB
WiFi	WiFi
Wi-Fi	Wi-Fi
Bluetooth	Bluetooth
4G	4G
5G	5G
H5	H5
HTML5	HTML5
CSS3	CSS3
JavaScript	JavaScript
iOS	iOS
Android	Android
Windows	Windows
macOS	macOS
Linux	Linux
C++	C++
C#	C#
Python	Python
Java	Java
PHP	PHP
MySQL	MySQL
SQL	SQL
HTTP	HTTP
HTTPS	HTTPS
URL	URL
API	API
JSON	JSON
XML	XML
PDF	PDF
JPEG	JPEG
PNG	PNG
GIF	GIF
SVG	SVG
PS4	PS4
PS5	PS5
Xbox	Xbox
TV	TV
DVD	DVD
VR	VR
AR	AR
AI	AI
LED	LED
OLED	OLED
4K	4K
8K	8K
HDR	HDR